Ta_C,Precip_mm,Sw_rad_mj_m2,Date,VPD_kpa
11.8,0,11.15,1/1/2022,0.467083333
11.3,0,11.12,1/2/2022,0.445416667
12.9,0,9.52,1/3/2022,0.467916667
13.3,1,5.52,1/4/2022,0.391666667
12.4,10.8,2.59,1/5/2022,0.080416667
12.8,0.7,5.81,1/6/2022,0.18
12.9,23.7,2.34,1/7/2022,0.1175
13.1,4.9,8.92,1/8/2022,0.241666667
10.6,0,8.86,1/9/2022,0.232083333
11,0,10.36,1/10/2022,0.269166667
10.5,0,10.7,1/11/2022,0.197916667
11.4,0,11.71,1/12/2022,0.34
12.2,0,11.97,1/13/2022,0.338333333
10.6,0,10.49,1/14/2022,0.165416667
9.3,0,8.07,1/15/2022,0.110833333
10.4,0,7.25,1/16/2022,0.140833333
10.6,0,8.01,1/17/2022,0.168333333
10.8,0,10.81,1/18/2022,0.1725
11.6,4.8,4.91,1/19/2022,0.133333333
12.2,0,8.59,1/20/2022,0.202916667
10.8,0.5,9.81,1/21/2022,0.210833333
11.6,18.1,3.37,1/22/2022,0.153333333
12.2,6.2,6.29,1/23/2022,0.1975
11.2,1.7,8.91,1/24/2022,0.194166667
10.7,0.2,10.61,1/25/2022,0.215
10.9,0,13.46,1/26/2022,0.391666667
10.7,0,13.81,1/27/2022,0.436666667
10.8,0,13.81,1/28/2022,0.416666667
13,0,13.74,1/29/2022,0.544166667
12.8,0,13.46,1/30/2022,0.450416667
13.2,0,13.92,1/31/2022,0.409166667
12.9,0,14.1,2/1/2022,0.36625
13.1,0.9,13.47,2/2/2022,0.45375
11.9,4.7,10.89,2/3/2022,0.295416667
10.3,0,13.81,2/4/2022,0.254166667
10.3,0,13.99,2/5/2022,0.221666667
11.7,0.3,13.2,2/6/2022,0.259583333
13.6,0.2,14.65,2/7/2022,0.420416667
14.3,0,15.22,2/8/2022,0.6075
14.1,0.1,14.58,2/9/2022,0.540416667
13.5,0,15,2/10/2022,0.576666667
13.4,0,15.88,2/11/2022,0.582083333
13.9,0,15.94,2/12/2022,0.612916667
14.5,0,15.84,2/13/2022,0.574166667
15.2,0,15.61,2/14/2022,0.6075
15.3,0,15.77,2/15/2022,0.555
15.2,0,15.6,2/16/2022,0.606666667
15.9,0.6,15.81,2/17/2022,0.740416667
14.8,0,14.13,2/18/2022,0.61625
15.3,0,16.79,2/19/2022,0.677916667
16.3,0,17.28,2/20/2022,1.032916667
16.5,0,17.55,2/21/2022,1.08375
17.8,0.4,13.99,2/22/2022,0.795833333
15.7,0,16.37,2/23/2022,0.560833333
15.3,2.3,16.02,2/24/2022,0.453333333
14.7,2.2,13.29,2/25/2022,0.33
13.7,32.1,12.53,2/26/2022,0.274166667
13.6,0,18.09,2/27/2022,0.45875
14.9,0,16.92,2/28/2022,0.66875
17,0,16.09,3/1/2022,0.619583333
17.8,0,14.53,3/2/2022,0.74375
15.5,3.5,11.03,3/3/2022,0.2975
16.1,0,18.15,3/4/2022,0.494166667
18.2,0,18.11,3/5/2022,0.832916667
19.6,0,13.33,3/6/2022,0.817083333
19.9,0,18.29,3/7/2022,0.862083333
19.6,0,19.4,3/8/2022,1.002916667
20,0,17.14,3/9/2022,1.046666667
20.6,0,19.43,3/10/2022,1.16875
21.3,0,19.99,3/11/2022,1.412083333
22.9,0,19.57,3/12/2022,1.564583333
24.8,0,19.9,3/13/2022,1.575833333
25.5,0,19.81,3/14/2022,1.544583333
25.9,0,19.91,3/15/2022,1.43
27.4,0,20.28,3/16/2022,2.06
27.7,0,20.87,3/17/2022,2.097916667
27.2,0,20.46,3/18/2022,1.43125
27.4,0,20.67,3/19/2022,1.544166667
26.1,0,19.62,3/20/2022,1.5725
25.7,0,21.21,3/21/2022,1.791666667
26,0,21.62,3/22/2022,2.010833333
25.8,0,19.56,3/23/2022,2.022083333
25.3,0,20.78,3/24/2022,1.8275
25.2,0,21.24,3/25/2022,2.035416667
25.4,0,22.4,3/26/2022,2.255416667
25.8,0,22.54,3/27/2022,2.3375
26.1,0,22.43,3/28/2022,2.121666667
26.6,0,22.45,3/29/2022,2.156666667
27,0,22.4,3/30/2022,2.294583333
27.1,0,22.49,3/31/2022,2.477083333
27.3,0,23.48,4/1/2022,3.03125
27.5,0,23.2,4/2/2022,2.885
27.4,0,23.52,4/3/2022,2.870833333
27.6,0,23.48,4/4/2022,2.7775
28.8,0,23.32,4/5/2022,3.232083333
30.5,0,23.55,4/6/2022,3.679583333
29.9,0,23.77,4/7/2022,3.59125
30.4,0,23.57,4/8/2022,3.593333333
30.7,0,23.04,4/9/2022,3.689166667
30.9,0,23.74,4/10/2022,3.537083333
31.9,0,22.61,4/11/2022,3.93875
31.9,0,20.41,4/12/2022,4.013333333
30.5,0,23.04,4/13/2022,3.73
29.5,0,21.52,4/14/2022,3.397083333
29.1,0,21.6,4/15/2022,3.190833333
30.1,0,23.98,4/16/2022,3.49375
30.6,0,23.02,4/17/2022,3.588333333
31.8,0,22.94,4/18/2022,3.840833333
32.4,0,20.35,4/19/2022,4.002083333
31.4,0,20.2,4/20/2022,3.634166667
30.2,0,20.97,4/21/2022,3.439583333
28.9,0,23.76,4/22/2022,2.95125
29.5,0,23.21,4/23/2022,3.202916667
29.7,0,23.26,4/24/2022,3.309166667
29.6,0.1,19.77,4/25/2022,3.130416667
30.5,0,24.56,4/26/2022,3.535416667
31.8,0,24.49,4/27/2022,3.7875
33,0,24.1,4/28/2022,4.1175
33.2,0,23.95,4/29/2022,4.250416667
34.7,0,23.18,4/30/2022,4.671666667
33,0,24,5/1/2022,4.138333333
33.5,0,23.31,5/2/2022,3.889166667
33.4,0,23.12,5/3/2022,3.977083333
29,20.7,18.8,5/4/2022,2.33625
30.3,0,23.39,5/5/2022,2.90125
31.6,0,22.94,5/6/2022,3.525
31.3,0,23.93,5/7/2022,3.3525
32.8,0,24.26,5/8/2022,3.837083333
33.2,0,22.83,5/9/2022,3.725833333
33.1,0,21.96,5/10/2022,3.38125
33.6,0,23.47,5/11/2022,3.795
34.1,0,23.63,5/12/2022,4.081666667
34.6,0,24.04,5/13/2022,4.30375
35.1,0,24.71,5/14/2022,4.937916667
35.3,0,23.63,5/15/2022,5.100833333
34.3,0,21.62,5/16/2022,4.535
34.3,0,22.95,5/17/2022,4.099583333
33.6,0,23.44,5/18/2022,4.101666667
35,0,23.84,5/19/2022,4.637083333
34.5,0,23.83,5/20/2022,4.547916667
33.7,0,22.71,5/21/2022,4.345
33.6,0,23.28,5/22/2022,4.365833333
28.7,3.4,16.38,5/23/2022,2.278333333
26.3,0,23.21,5/24/2022,1.661666667
28.7,0,23.71,5/25/2022,2.344166667
31.7,0,23.72,5/26/2022,3.14125
33.7,0,23,5/27/2022,3.68
34.3,0,21.5,5/28/2022,3.582083333
34.2,0,21.12,5/29/2022,3.68875
33.2,0,21.91,5/30/2022,3.225833333
32.9,0,22.88,5/31/2022,3.619583333
33.3,0,22.51,6/1/2022,4.046666667
34,0,24.09,6/2/2022,4.51
35.4,0,23.95,6/3/2022,4.960416667
35.6,0,24.75,6/4/2022,5.184166667
36,0,22.7,6/5/2022,5.3725
36.3,0,21.98,6/6/2022,5.4325
37.4,0,20,6/7/2022,5.664583333
37,0,21.78,6/8/2022,5.49
37.2,0,23.17,6/9/2022,5.573333333
36.5,0,20.2,6/10/2022,4.898333333
36.9,0,19.38,6/11/2022,4.788333333
37,0,22.06,6/12/2022,4.92
37.1,0,22,6/13/2022,5.01125
37.7,0,23.16,6/14/2022,5.072083333
38.1,0,22.5,6/15/2022,5.112916667
35.7,3.5,20.13,6/16/2022,3.92625
30.2,6,12.96,6/17/2022,1.69
27.2,3,14.86,6/18/2022,0.9275
27.2,0.8,17.97,6/19/2022,1.073333333
28.4,0.2,19.65,6/20/2022,1.470833333
24.7,16,10.31,6/21/2022,0.650416667
26.7,7.1,22.49,6/22/2022,1.1625
28.8,0,23.66,6/23/2022,1.808333333
30.5,0,23.82,6/24/2022,2.344166667
31.7,0,23.79,6/25/2022,2.830416667
33,0,22.69,6/26/2022,2.972916667
34.2,0,21.78,6/27/2022,2.701666667
35.8,0,22.32,6/28/2022,3.266666667
36.4,0,23.02,6/29/2022,3.472083333
32.9,5,17.93,6/30/2022,1.984166667
28.3,26.8,11.71,7/1/2022,0.872083333
31.3,1,20.76,7/2/2022,1.675833333
31.2,1.4,18.27,7/3/2022,1.38875
32.5,0.5,20.42,7/4/2022,1.767916667
34,2.5,20.22,7/5/2022,2.146666667
31.9,12,18.28,7/6/2022,1.43875
32.7,0.5,19.87,7/7/2022,1.674583333
33,0.8,18.37,7/8/2022,1.731666667
31.6,15,18.54,7/9/2022,1.345416667
30,0.8,16.55,7/10/2022,1.148333333
31.4,0,18.94,7/11/2022,1.468333333
32.2,0.1,20.4,7/12/2022,1.67
31.5,5.4,20.43,7/13/2022,1.395833333
29.4,3.4,11.27,7/14/2022,0.909583333
27.9,15.1,10.95,7/15/2022,0.712083333
30.7,0,20.44,7/16/2022,1.59875
29.6,4.9,18.51,7/17/2022,1.080416667
31.6,0,22.15,7/18/2022,1.702916667
33.1,0.6,20.39,7/19/2022,1.92375
30.5,24.1,16.94,7/20/2022,1.077916667
27.9,42.7,12.01,7/21/2022,0.581666667
28.4,17.8,16.12,7/22/2022,0.705833333
28.5,6.2,15.59,7/23/2022,0.659166667
29.8,3.8,19.62,7/24/2022,0.927083333
29.2,5.4,16.33,7/25/2022,0.832083333
30.1,0.3,20.15,7/26/2022,1.190833333
29.7,0.8,17.07,7/27/2022,1.009583333
28,20.4,12.14,7/28/2022,0.56625
27.3,13.8,10.74,7/29/2022,0.49
27.6,3.2,13.54,7/30/2022,0.546666667
27.2,11.8,11.98,7/31/2022,0.48375
27.5,18.8,12.23,8/1/2022,0.61625
29.5,1.4,20.31,8/2/2022,0.948333333
29.7,0.2,21.49,8/3/2022,0.98125
30,11,19.62,8/4/2022,0.949166667
28.4,2.3,14.17,8/5/2022,0.601666667
29.1,2.5,18.93,8/6/2022,0.75125
29.5,0.8,18.66,8/7/2022,0.861666667
30,0.1,20.72,8/8/2022,1.139583333
31,0,18.97,8/9/2022,1.24125
31.8,0,22.08,8/10/2022,1.512083333
29.8,9.3,17.57,8/11/2022,1.117083333
30.5,0,22.43,8/12/2022,1.742916667
31.3,0,22.38,8/13/2022,1.6225
31,1,20.07,8/14/2022,1.251666667
28.6,14.2,14.76,8/15/2022,0.839166667
29.6,0.2,17.62,8/16/2022,1.2975
29.3,3.6,14.12,8/17/2022,1.141666667
29.9,0.9,20.29,8/18/2022,1.1925
30.4,0,21.9,8/19/2022,1.48
30.2,0.3,20.67,8/20/2022,1.599166667
30.2,0.2,21.15,8/21/2022,1.396666667
31.2,0,21.32,8/22/2022,1.670416667
31.9,0.2,20.62,8/23/2022,1.775
30.7,0.7,19.79,8/24/2022,1.554166667
30.2,0.2,20.34,8/25/2022,1.607916667
29.8,3.2,18.08,8/26/2022,1.4125
29.7,5.3,16.69,8/27/2022,1.31375
30.3,1.5,17.9,8/28/2022,1.612083333
29.2,2.9,16.76,8/29/2022,1.1775
30.1,0.9,19.28,8/30/2022,1.35875
31.5,0,20.85,8/31/2022,2
32,0,20.86,9/1/2022,2.2225
32.4,0,20.55,9/2/2022,2.349583333
32.1,0,21.21,9/3/2022,2.399583333
31.6,0,19.62,9/4/2022,2.129583333
28.7,6.5,14.99,9/5/2022,1.23875
28.1,4.6,18.55,9/6/2022,0.935
29.8,0,20.24,9/7/2022,1.498333333
30.8,0,20.21,9/8/2022,1.792083333
30.9,0,20.04,9/9/2022,1.684166667
30.9,0,19.55,9/10/2022,1.58
29.7,0,19.44,9/11/2022,1.344583333
29.6,0,20.24,9/12/2022,1.449166667
30.3,0,19.09,9/13/2022,1.629166667
30.5,0,19.63,9/14/2022,1.670416667
30.4,0,19.09,9/15/2022,1.586666667
29.8,2.4,19.53,9/16/2022,1.488333333
30.3,0,19.8,9/17/2022,1.71625
30.9,0,19.42,9/18/2022,2.109583333
30.9,0,19.88,9/19/2022,2.184583333
30.3,0,18.1,9/20/2022,1.933333333
28.7,1.1,17.14,9/21/2022,1.205833333
28.7,0.1,17.89,9/22/2022,1.125
28.1,0.2,15.16,9/23/2022,1.11375
24.9,23.6,5.41,9/24/2022,0.530833333
26.3,0,16.9,9/25/2022,0.88
26.3,0.4,16.16,9/26/2022,0.834583333
27.1,0,17.3,9/27/2022,0.914583333
27.4,0,17.99,9/28/2022,1.115416667
27.9,0,18.53,9/29/2022,1.32125
28.5,0,18.32,9/30/2022,1.57125
28.4,0,18.22,10/1/2022,1.715416667
28.2,0,18.19,10/2/2022,1.765416667
28.1,0,18.01,10/3/2022,1.864166667
28.3,0,18.26,10/4/2022,2.005
28.2,0,18.24,10/5/2022,2.124583333
27.1,0,17.98,10/6/2022,1.795416667
26.6,0,17.11,10/7/2022,1.235
26.1,0,16.92,10/8/2022,1.06625
25.7,0.3,16.47,10/9/2022,0.96875
24.4,1.5,13.64,10/10/2022,0.709166667
24,0.9,15.97,10/11/2022,0.734166667
24.1,0,16.63,10/12/2022,1.030416667
25.7,0,16.59,10/13/2022,1.60375
25.6,0,16.61,10/14/2022,1.63625
24.9,0,16.72,10/15/2022,1.61875
24.6,0,16.51,10/16/2022,1.550416667
24.7,0,16.39,10/17/2022,1.655833333
24.4,0,16.29,10/18/2022,1.634166667
23.9,0,15.98,10/19/2022,1.390833333
23.5,0,15.54,10/20/2022,1.237916667
21.8,0,15.43,10/21/2022,1.058333333
22.4,0,15.76,10/22/2022,1.44
23.4,0,15.62,10/23/2022,1.619166667
23,0,15.54,10/24/2022,1.609166667
23.5,0,15.24,10/25/2022,1.605416667
22.7,0,15.03,10/26/2022,1.257916667
22.8,0,14.8,10/27/2022,1.224583333
23.1,0,14.8,10/28/2022,1.248333333
23.5,0,14.69,10/29/2022,1.48375
22.6,0,14.45,10/30/2022,1.19875
23,0,14.11,10/31/2022,1.232916667
23,0,13.74,11/1/2022,1.140833333
22.6,0,13.74,11/2/2022,1.182916667
23,0,13.23,11/3/2022,1.165416667
23,0,13.18,11/4/2022,0.94875
22.1,5,12.37,11/5/2022,0.76125
21.1,0,11.25,11/6/2022,0.681666667
19.9,0,12.04,11/7/2022,0.581666667
19.4,1.2,12.4,11/8/2022,0.4475
18.8,5.5,8.25,11/9/2022,0.404583333
18.9,1,12.65,11/10/2022,0.70375
18.8,0,12.66,11/11/2022,0.754166667
18.9,0,12.67,11/12/2022,0.811666667
19,0,11.7,11/13/2022,0.788333333
18.7,3.3,9.72,11/14/2022,0.696666667
17.1,0,12.12,11/15/2022,0.514583333
17.4,0,12.06,11/16/2022,0.655
16.8,0,12.49,11/17/2022,0.754583333
16.7,0,12.23,11/18/2022,0.737916667
16.2,0,11.93,11/19/2022,0.6425
16.5,0,12.04,11/20/2022,0.735416667
16.3,0,12.23,11/21/2022,0.73625
16.3,0,12.29,11/22/2022,0.777083333
15.8,0,12.26,11/23/2022,0.741666667
17.7,0,12.03,11/24/2022,0.942916667
17.4,0,12,11/25/2022,0.978333333
16.7,0,12,11/26/2022,0.7725
17.2,0,11.98,11/27/2022,0.849166667
17.3,0,11.7,11/28/2022,0.837083333
16.8,0,11.64,11/29/2022,0.699583333
16.6,0,11.44,11/30/2022,0.587916667
16.6,0,11.46,12/1/2022,0.689166667
17.2,0,9.34,12/2/2022,0.68625
15.8,0,11.29,12/3/2022,0.595416667
15.4,0,11.3,12/4/2022,0.621666667
15.4,0,11.24,12/5/2022,0.61
15.6,0,11.21,12/6/2022,0.677083333
15.6,0,11.3,12/7/2022,0.742083333
15.8,0,10.52,12/8/2022,0.554166667
16,0,10.77,12/9/2022,0.679166667
16.9,0,10.14,12/10/2022,0.839166667
16.9,0,10.92,12/11/2022,0.934583333
15.6,0,11.1,12/12/2022,0.873333333
16.2,0,11.1,12/13/2022,0.995416667
14.7,0,11.38,12/14/2022,0.86125
14.5,0,11.35,12/15/2022,0.8775
14.2,0,11.27,12/16/2022,0.722916667
15.5,0,11.18,12/17/2022,0.69375
15.2,0,11.08,12/18/2022,0.559166667
15.3,0,11.07,12/19/2022,0.628333333
14.7,0,10.75,12/20/2022,0.58125
13.4,0,11.16,12/21/2022,0.482083333
12.3,0,11.06,12/22/2022,0.342916667
10.3,0,9.64,12/23/2022,0.18125
9.9,0,8.56,12/24/2022,0.187083333
10.3,0,8.76,12/25/2022,0.220833333
10.5,0,11.08,12/26/2022,0.2875
10.8,0,9.33,12/27/2022,0.245833333
12.8,0,11.15,12/28/2022,0.450416667
12.3,3.9,3.57,12/29/2022,0.210416667
12.9,0,10.9,12/30/2022,0.290416667
11.8,0,11.31,12/31/2022,0.33875
11.7,0,6.73,1/1/2023,0.36
10.1,0,10.93,1/2/2023,0.279583333
9.3,0,10.17,1/3/2023,0.255833333
10,0,11.46,1/4/2023,0.275833333
7.1,0,9.98,1/5/2023,0.135833333
7.6,0,6.43,1/6/2023,0.094583333
9.1,0.1,7.63,1/7/2023,0.144583333
9.9,0,8.13,1/8/2023,0.15875
10.5,0,8.6,1/9/2023,0.165
10.9,0,9.42,1/10/2023,0.152083333
11.2,2.7,5.64,1/11/2023,0.119166667
12.2,0.1,11.69,1/12/2023,0.235416667
10.9,0,11.55,1/13/2023,0.311666667
8.9,0,10.65,1/14/2023,0.297916667
8.5,0,12.83,1/15/2023,0.582916667
8.4,0,12.97,1/16/2023,0.485416667
8.9,0,12.98,1/17/2023,0.57125
9.9,0,9.91,1/18/2023,0.5825
13.2,0,11.35,1/19/2023,0.69125
11.2,2.1,4.82,1/20/2023,0.266666667
10.9,0,12.6,1/21/2023,0.349166667
12.3,0,12.55,1/22/2023,0.489583333
13.7,0,11.2,1/23/2023,0.612916667
13,0,11.82,1/24/2023,0.595833333
12.4,0,12.58,1/25/2023,0.489583333
10.3,0,12.32,1/26/2023,0.395833333
10.8,0,14.12,1/27/2023,0.645833333
11.9,0,13.54,1/28/2023,0.68875
12.4,10.2,12.15,1/29/2023,0.453333333
14,0.9,8.49,1/30/2023,0.267916667
12,0,11.48,1/31/2023,0.270833333
13.3,0,14.21,2/1/2023,0.642916667
14.7,0,13.77,2/2/2023,0.874583333
15.6,0,14.11,2/3/2023,0.865416667
16.1,0,14.42,2/4/2023,0.812083333
15.6,0,14.76,2/5/2023,0.815
17.1,0,14.5,2/6/2023,0.821666667
15.9,0,15.08,2/7/2023,0.905416667
16.2,0,13.42,2/8/2023,1.048333333
15.7,0.3,10.49,2/9/2023,0.768333333
17.7,0,15.2,2/10/2023,1.054583333
15.3,0,15.62,2/11/2023,0.897916667
13.3,0,16.09,2/12/2023,1.102916667
14.3,0,16.02,2/13/2023,1.274583333
16.6,0,15.32,2/14/2023,1.190833333
18.3,0,15.98,2/15/2023,1.317083333
19.4,0,15.39,2/16/2023,1.184583333
20,0,16.15,2/17/2023,1.077916667
20.2,0,16.59,2/18/2023,0.98
19.7,0,15.6,2/19/2023,0.905833333
21.1,0,14.38,2/20/2023,0.927083333
19.8,0,16.74,2/21/2023,1.084583333
19.4,0,14.21,2/22/2023,1.215416667
19,0,17.61,2/23/2023,1.243333333
19.7,0,17.42,2/24/2023,1.357083333
20.3,0,17.4,2/25/2023,1.131666667
20.1,0.1,15.42,2/26/2023,1.061666667
20,0,17.23,2/27/2023,1.15
17.5,8.2,8.58,2/28/2023,0.504166667
18.8,2.6,15.48,3/1/2023,0.624583333
19.1,4.8,14.88,3/2/2023,0.662916667
19.4,0,17.54,3/3/2023,0.905
20.2,0,17.51,3/4/2023,0.969166667
20.8,0,16.89,3/5/2023,1.181666667
20.5,0,18.52,3/6/2023,1.28375
20.2,0,18.27,3/7/2023,1.244166667
20.4,0,18.57,3/8/2023,1.140833333
20.7,0,19.27,3/9/2023,1.252083333
21.7,0,19.49,3/10/2023,1.365416667
22.4,0,19.42,3/11/2023,1.382916667
22.8,0,18.86,3/12/2023,1.3325
22.7,1.1,18.25,3/13/2023,1.097083333
22.9,0,19.81,3/14/2023,1.240833333
23,0,19.37,3/15/2023,1.325833333
22.8,0.1,18.62,3/16/2023,1.335416667
19.7,1.4,13.21,3/17/2023,0.6875
18.8,0.3,18.26,3/18/2023,0.521666667
18.8,0.4,18.62,3/19/2023,0.575833333
19.7,0.6,18.67,3/20/2023,0.60125
18.9,0,19.07,3/21/2023,0.58
19.9,0.7,16.15,3/22/2023,0.815
20.1,2.5,18.5,3/23/2023,0.815416667
18.3,27.4,11.59,3/24/2023,0.370833333
18.1,8.8,17.68,3/25/2023,0.4425
18.2,0,20.38,3/26/2023,0.665833333
20.1,0,20.65,3/27/2023,0.967916667
22,0,19.61,3/28/2023,1.291666667
21.5,0.3,18.67,3/29/2023,1.1525
21,6.5,17.23,3/30/2023,0.690833333
18.6,16.4,14.11,3/31/2023,0.340416667
18.3,2.8,15.48,4/1/2023,0.34875
19.6,0,20.41,4/2/2023,0.581666667
20,10.2,15.6,4/3/2023,0.615
20,2.5,21.18,4/4/2023,0.66875
20.4,0.6,19.68,4/5/2023,0.959583333
20.9,0,22.54,4/6/2023,1.029583333
21.7,0,23.58,4/7/2023,1.355416667
23,0,23.76,4/8/2023,1.744166667
24,0,23.01,4/9/2023,1.919583333
25.2,0,22.73,4/10/2023,2.116666667
26.1,0.1,22.18,4/11/2023,2.197916667
27.1,0,23.36,4/12/2023,2.347083333
27.5,0,23.8,4/13/2023,2.5725
28.3,0,23.57,4/14/2023,2.690833333
28.2,0,23.03,4/15/2023,2.836666667
28.2,0.1,20.92,4/16/2023,2.597916667
28.4,0,22.3,4/17/2023,2.4625
28,0,19.68,4/18/2023,2.260833333
23.9,14,17.14,4/19/2023,0.917916667
23.4,1.1,19.87,4/20/2023,1.220833333
23.2,0.2,21.01,4/21/2023,1.415833333
23.2,0,21.83,4/22/2023,1.77125
23.6,0,24.39,4/23/2023,1.951666667
25.8,0,24.13,4/24/2023,2.302916667
26.5,0,23.99,4/25/2023,2.47625
27.5,0.1,21.59,4/26/2023,2.620416667
27.5,0,20.22,4/27/2023,2.47125
26.5,1.8,19.77,4/28/2023,2.072083333
26.1,0.2,17.43,4/29/2023,1.951666667
25.2,0.3,19.52,4/30/2023,1.619166667
23.3,4.4,18.1,5/1/2023,1.0025
22.5,0.1,17.29,5/2/2023,0.830416667
23.4,0.6,21.88,5/3/2023,1.044166667
25.4,0,21.47,5/4/2023,1.57
26.3,0.3,20.65,5/5/2023,1.81375
27.7,0.4,20.67,5/6/2023,2.29375
27.6,0,24.22,5/7/2023,2.4525
26.8,0,23.4,5/8/2023,2.545416667
26.9,0,24.4,5/9/2023,2.515416667
28,0,25.05,5/10/2023,2.941666667
29.8,0,24.76,5/11/2023,3.217083333
30.5,0,24.32,5/12/2023,3.364166667
31.5,0,23.35,5/13/2023,3.567083333
31.6,0,23.07,5/14/2023,3.656666667
30.9,0,23.72,5/15/2023,3.43375
31.3,0,23.14,5/16/2023,3.448333333
31.8,0,20.54,5/17/2023,3.520833333
28.8,0,23.46,5/18/2023,2.393333333
30.3,0,23.92,5/19/2023,2.845
32,0,23.74,5/20/2023,3.51
33.6,0,22.71,5/21/2023,3.995
33,0,20.22,5/22/2023,3.547916667
33.2,0.4,19.64,5/23/2023,3.445416667
28.3,15,18.33,5/24/2023,1.694583333
27.4,0,20.21,5/25/2023,1.519166667
26.2,4.4,18.49,5/26/2023,1.256666667
27.2,0,22.31,5/27/2023,1.519583333
27.9,0,20.28,5/28/2023,1.835416667
26.1,6.6,12.71,5/29/2023,1.1
26.8,0.2,22.23,5/30/2023,1.619583333
24,6.9,13.05,5/31/2023,0.784583333
22.3,25.4,15.63,6/1/2023,0.467083333
23.9,0.2,22.55,6/2/2023,0.982916667
26.9,0,23.55,6/3/2023,1.616666667
28.7,0,22.33,6/4/2023,2
29.2,0,21.07,6/5/2023,2.300416667
29.1,0,20.02,6/6/2023,2.10125
28.8,0,22.85,6/7/2023,1.815833333
29.7,0.4,21.13,6/8/2023,2.074583333
31.3,0.1,21.25,6/9/2023,2.549166667
32.3,0.3,19.99,6/10/2023,2.585833333
31.1,0,21.38,6/11/2023,1.99875
32.9,0.3,21.48,6/12/2023,2.38625
33.5,0.2,21.43,6/13/2023,2.659166667
32.9,0,20.51,6/14/2023,2.565416667
29.6,7.9,12.86,6/15/2023,1.568333333
30.5,1.5,20.6,6/16/2023,1.70625
32,0,21.42,6/17/2023,2.1375
32,0.1,21.21,6/18/2023,1.992083333
32.6,0,22.65,6/19/2023,2.12875
33.7,0,22.77,6/20/2023,2.53125
34.4,0,21.55,6/21/2023,2.685
35.9,0,21.83,6/22/2023,3.315
36.7,0,22.12,6/23/2023,3.650416667
36.1,0,22.56,6/24/2023,3.565416667
33.8,0.5,21.74,6/25/2023,2.600416667
28.6,3,17.12,6/26/2023,0.954166667
30.6,0,19.6,6/27/2023,1.577083333
31.2,0,21.61,6/28/2023,1.621666667
31.1,4.1,20.13,6/29/2023,1.43875
31.3,0,18.73,6/30/2023,1.554166667
31.5,0,22.74,7/1/2023,1.749166667
31.9,0.6,21.61,7/2/2023,1.800833333
33.9,0,21.64,7/3/2023,2.274583333
33.5,0.4,21.44,7/4/2023,2.143333333
29,28.2,14.86,7/5/2023,0.834583333
28.9,6.4,19.09,7/6/2023,1.022916667
29.4,2.3,20.52,7/7/2023,0.997916667
26.6,13.2,7.07,7/8/2023,0.382916667
27.7,2.8,13.62,7/9/2023,0.753333333
28.6,0,18.76,7/10/2023,0.903333333
29.7,0,22.63,7/11/2023,1.200416667
31.4,0,22.2,7/12/2023,1.570833333
30.8,0,22.13,7/13/2023,1.311666667
30.4,1,21.19,7/14/2023,1.158333333
31.4,0.2,20.37,7/15/2023,1.334583333
30.1,3.4,19.09,7/16/2023,1.01875
30.9,0.2,20.97,7/17/2023,1.160416667
31,0.5,18.86,7/18/2023,1.054583333
30.6,0.3,18.14,7/19/2023,1.115416667
30.9,0.4,18.6,7/20/2023,1.083333333
30.9,2.7,18.73,7/21/2023,1.069583333
28.7,28.7,10.24,7/22/2023,0.602083333
30.4,2.7,20.11,7/23/2023,1.142916667
30.6,6.2,20.01,7/24/2023,1.05375
30.4,2.8,15,7/25/2023,0.93
29.1,23,19.22,7/26/2023,0.792083333
28.4,19.8,14.6,7/27/2023,0.642083333
28.7,4.1,20.92,7/28/2023,0.77375
27.7,21.5,19.71,7/29/2023,0.569583333
29.6,0,21.43,7/30/2023,1.0425
30.8,0.7,21.14,7/31/2023,1.200833333
31.4,0.2,21.75,8/1/2023,1.340416667
31.3,3.4,21.15,8/2/2023,1.263333333
30.9,10.5,22.02,8/3/2023,1.209166667
31.6,1.5,21.46,8/4/2023,1.41
31.4,15.2,21.23,8/5/2023,1.41625
30.8,5.7,20.89,8/6/2023,1.182916667
30.8,2.7,21.91,8/7/2023,1.4325
31.2,2.5,20.91,8/8/2023,1.474166667
31.9,18,21.3,8/9/2023,1.577916667
31.1,7.3,20.39,8/10/2023,1.316666667
32,0.4,21.64,8/11/2023,1.702083333
32.8,0,22.28,8/12/2023,2.246666667
33,0,21.45,8/13/2023,2.227083333
32.2,0.2,21.6,8/14/2023,1.902916667
31.1,1.6,21.47,8/15/2023,1.512083333
32.1,0.3,21.11,8/16/2023,1.842083333
33.2,0,21.51,8/17/2023,2.370833333
33.4,0.3,21.41,8/18/2023,2.278333333
32.6,0.4,19.6,8/19/2023,1.835
31.8,7.2,18.37,8/20/2023,1.482916667
34,0.1,21.34,8/21/2023,2.254166667
35.6,0.1,21.14,8/22/2023,2.932916667
34.2,0,21.81,8/23/2023,2.504166667
31.8,0,18.92,8/24/2023,1.90375
30.5,13.7,18.96,8/25/2023,1.554166667
26.9,6.6,15.5,8/26/2023,0.62
29.6,0,20.93,8/27/2023,1.285833333
29.2,4.1,20.28,8/28/2023,1.139166667
29.7,0,20.79,8/29/2023,1.33875
31,0,21.93,8/30/2023,1.82125
31.7,0,21.34,8/31/2023,2.04875
32,0,21.21,9/1/2023,2.172916667
31.3,0,21.76,9/2/2023,2.09625
30.5,0,21.68,9/3/2023,1.937916667
31,0,21.78,9/4/2023,1.970416667
31.3,0,20.96,9/5/2023,2.022083333
31.7,0,20.96,9/6/2023,2.151666667
32.3,0,21.47,9/7/2023,2.35875
32.1,0,20.87,9/8/2023,2.357916667
31.6,0,20.73,9/9/2023,1.955
31.1,0.1,20.16,9/10/2023,1.639583333
31,0,19.94,9/11/2023,1.70625
31.7,0,19.95,9/12/2023,1.876666667
31.9,0.5,18.92,9/13/2023,1.568333333
32.4,0.5,18.85,9/14/2023,1.700416667
30.9,8.4,16.22,9/15/2023,1.26375
30.3,0,19.17,9/16/2023,1.264583333
28.4,0.3,17.01,9/17/2023,0.903333333
27.2,20,15.71,9/18/2023,0.694583333
27.3,21,17.27,9/19/2023,0.770416667
28.7,0,18.41,9/20/2023,0.914166667
29.5,0.1,18.32,9/21/2023,1.040416667
28.9,2.4,16.65,9/22/2023,0.920416667
27.1,20.5,13.59,9/23/2023,0.619166667
27.2,8,18.3,9/24/2023,0.747083333
26.7,0,17.59,9/25/2023,0.771666667
27.3,0,18.89,9/26/2023,1.02625
27.8,0,19.34,9/27/2023,1.392083333
27.8,0,18.87,9/28/2023,1.46875
27.3,0,18.69,9/29/2023,1.41375
25.6,0,18.72,9/30/2023,1.221666667
25.9,0,19.2,10/1/2023,1.54125
25.9,0,18.8,10/2/2023,1.791666667
26.6,0,18.64,10/3/2023,1.65125
25.8,0,18.53,10/4/2023,1.520416667
27.2,0,18.46,10/5/2023,1.86875
26.5,0,18.28,10/6/2023,1.570416667
27.9,0,17.27,10/7/2023,1.4125
28.4,0,17.01,10/8/2023,1.228333333
27.9,0,16.59,10/9/2023,1.3925
25.2,0,17.12,10/10/2023,1.135833333
24.6,0,17.41,10/11/2023,1.232083333
25.1,0,17.02,10/12/2023,1.297083333
26.1,0,16.52,10/13/2023,1.364583333
25.1,1.4,15.81,10/14/2023,1.113333333
23.5,6.1,16.16,10/15/2023,1.01
21.5,6.8,11.83,10/16/2023,0.647083333
20.4,5.4,13.53,10/17/2023,0.61375
19.6,0,15.93,10/18/2023,0.711666667
21.3,0,15.76,10/19/2023,0.970833333
22,0,15.79,10/20/2023,1.0625
21.6,0,10.43,10/21/2023,0.93375
21.5,0.9,10.8,10/22/2023,0.609166667
22.2,0,14.19,10/23/2023,0.9125
22.8,0,14.5,10/24/2023,1.09125
22.6,0,15.07,10/25/2023,1.081666667
23.4,0,15.01,10/26/2023,1.252916667
23.2,0,14.58,10/27/2023,1.137083333
23.1,0,13.35,10/28/2023,1.088333333
23.6,0,14.21,10/29/2023,1.13625
23.6,0.2,13.56,10/30/2023,1.062083333
23.4,0,13.74,10/31/2023,1.07125
22.7,0.1,13.4,11/1/2023,0.835
21.5,9.7,12.55,11/2/2023,0.594166667
21.7,0,13.04,11/3/2023,0.904166667
22.8,0,13.77,11/4/2023,1.204166667
22.3,0,13.78,11/5/2023,1.17375
21.4,0,12,11/6/2023,1.014583333
22,0.8,12.6,11/7/2023,0.92
20.3,2.9,11.74,11/8/2023,0.650416667
20.6,0.1,12.12,11/9/2023,0.778333333
17.9,8.1,9.77,11/10/2023,0.3525
17.7,0,12.52,11/11/2023,0.494166667
18.1,0,12.74,11/12/2023,0.615833333
18.3,0,12.63,11/13/2023,0.59875
18.4,0,12.41,11/14/2023,0.57875
19.2,0,12.54,11/15/2023,0.81125
19,0,11.33,11/16/2023,0.775416667
18.6,0,12.05,11/17/2023,0.660833333
18.1,0,11.87,11/18/2023,0.666666667
18.4,0,11.92,11/19/2023,0.787916667
18.4,0,11.67,11/20/2023,0.824583333
17.6,0,12,11/21/2023,0.83
17.2,0,12.13,11/22/2023,0.76125
16.9,0,11.86,11/23/2023,0.70875
16.9,0,11.58,11/24/2023,0.557083333
16.8,0,9.56,11/25/2023,0.600833333
17.2,0,8.22,11/26/2023,0.512916667
17.3,0.1,6.17,11/27/2023,0.459583333
17.8,0,10.81,11/28/2023,0.578333333
18.5,0,10.94,11/29/2023,0.58875
16.9,11.7,10.41,11/30/2023,0.393333333
15.8,0,10.5,12/1/2023,0.37375
16.1,0,11.2,12/2/2023,0.507916667
16.5,0,11.09,12/3/2023,0.54375
16.2,0,10.63,12/4/2023,0.509166667
15.4,0,10.9,12/5/2023,0.37875
15.1,0,11.22,12/6/2023,0.494583333
15.5,0,11.21,12/7/2023,0.5825
16.2,0,11.25,12/8/2023,0.62375
15.3,0,11.12,12/9/2023,0.572916667
14.9,0,11.36,12/10/2023,0.66125
14.5,0,11.2,12/11/2023,0.551666667
14.1,0,10.86,12/12/2023,0.4975
13.6,0,10.96,12/13/2023,0.442916667
13.9,0,10.04,12/14/2023,0.482083333
14,0,10.09,12/15/2023,0.485416667
13.4,0,10.13,12/16/2023,0.463333333
13.1,0,10.78,12/17/2023,0.403333333
13.5,0,11.17,12/18/2023,0.601666667
13.3,0,11.3,12/19/2023,0.535
13.3,0,11.28,12/20/2023,0.496666667
13.2,0,11.29,12/21/2023,0.515416667
13,0,9.7,12/22/2023,0.365
14.7,0,10.22,12/23/2023,0.343333333
13.9,0,9.24,12/24/2023,0.332916667
14.4,0,11.01,12/25/2023,0.429166667
15.1,0,10.44,12/26/2023,0.472916667
14.1,0,11.02,12/27/2023,0.359166667
12.9,0,9.87,12/28/2023,0.19875
11.6,0,7.95,12/29/2023,0.12125
10.5,0,7.59,12/30/2023,0.140416667
9.5,0,9.05,12/31/2023,0.153333333
9.9,0,8.73,1/1/2024,0.147916667
8.9,0,8.06,1/2/2024,0.157083333
7.9,0,8.84,1/3/2024,0.130833333
8.4,0,10.22,1/4/2024,0.190833333
8,0,9.1,1/5/2024,0.140833333
7.7,0,9.17,1/6/2024,0.112083333
7.3,0,8.64,1/7/2024,0.100416667
7.5,0,10.12,1/8/2024,0.14625
8.1,0.7,9.69,1/9/2024,0.135833333
8,0,10.01,1/10/2024,0.1275
8.3,0,9.68,1/11/2024,0.123333333
8,0,6.24,1/12/2024,0.088333333
8.6,0,10.13,1/13/2024,0.125
8,0,9.13,1/14/2024,0.109166667
7.2,0,8.81,1/15/2024,0.087083333
6.8,0,10.27,1/16/2024,0.109583333
7.9,0,8.99,1/17/2024,0.124166667
8.4,0,9.73,1/18/2024,0.120416667
7.9,0,9.2,1/19/2024,0.100416667
8.1,0,10.18,1/20/2024,0.123333333
7.6,0,11.35,1/21/2024,0.129583333
6.9,0,9.18,1/22/2024,0.108333333
8.4,0,12.35,1/23/2024,0.160416667
8.1,0,10.9,1/24/2024,0.130833333
8.3,0,7.66,1/25/2024,0.109583333
10.5,0,12.97,1/26/2024,0.229583333
11.5,0,12.83,1/27/2024,0.32375
12.4,0,12,1/28/2024,0.3225
12.5,0,13.18,1/29/2024,0.25125
13.8,0.2,12.93,1/30/2024,0.324166667
14.7,1.4,10.49,1/31/2024,0.245
13.9,7.7,13.42,2/1/2024,0.30625
12.1,0,11.93,2/2/2024,0.261666667
13.2,3.2,9.13,2/3/2024,0.497916667
12.5,4.9,9.89,2/4/2024,0.279583333
11.5,0,13.2,2/5/2024,0.335
12.6,0,14.68,2/6/2024,0.574583333
11.6,0,13.23,2/7/2024,0.53375
13.2,0,15.58,2/8/2024,0.725
13.4,0,15.48,2/9/2024,0.567916667
14,0,15.45,2/10/2024,0.63625
15.4,0,15.65,2/11/2024,0.766666667
14.8,0,13.05,2/12/2024,0.662083333
14.7,0,15.82,2/13/2024,0.596666667
15,0,15.98,2/14/2024,0.729166667
15,0,16.49,2/15/2024,0.79125
15.3,0,16.59,2/16/2024,0.81
17.2,0,16.36,2/17/2024,0.887083333
17.4,0,12.03,2/18/2024,0.6925
19.4,0.7,14.38,2/19/2024,0.926666667
16.5,0,16.61,2/20/2024,0.582916667
14.4,0.5,14.21,2/21/2024,0.541666667
14.2,0,17.06,2/22/2024,0.857916667
14.6,0,17.48,2/23/2024,1.021666667
14.2,0.1,16.79,2/24/2024,0.922916667
14.3,0,15.96,2/25/2024,0.97125
15.3,0,14.61,2/26/2024,1.041666667
16.6,0,9.82,2/27/2024,0.955
16.7,0,18.01,2/28/2024,1.01625
17.6,0.9,16.15,2/29/2024,1.01625
17.8,2.2,7.57,3/1/2024,0.676666667
18.2,2.1,14.69,3/2/2024,0.755833333
12.8,0,19.51,3/3/2024,0.960833333
12.3,0,18.79,3/4/2024,0.865
13.6,0,15.67,3/5/2024,0.941666667
14.5,0,19.52,3/6/2024,1.0125
16.6,1.8,17.96,3/7/2024,0.98375
17.2,0,19.69,3/8/2024,1.159166667
18,0,20.24,3/9/2024,1.397916667
19.7,0,17.5,3/10/2024,1.553333333
18.8,1.5,13.82,3/11/2024,1.180416667
19.7,0,19.96,3/12/2024,1.356666667
17.7,0.5,10.6,3/13/2024,0.805833333
19.3,0,19,3/14/2024,1.180833333
19.3,0,21.32,3/15/2024,1.466666667
21,0,21.15,3/16/2024,1.882083333
22,0,18.51,3/17/2024,1.929166667
22.1,0,21.09,3/18/2024,1.915416667
22.9,0,20.74,3/19/2024,2.022916667
23.7,0,21.47,3/20/2024,2.0575
24.4,0.4,19.72,3/21/2024,1.832916667
24.1,0.2,19.53,3/22/2024,1.400833333
24.5,0,21,3/23/2024,1.76875
23.4,4,17.67,3/24/2024,1.332083333
24.2,0,21.7,3/25/2024,1.684166667
24.6,2.4,15.22,3/26/2024,1.6275
24,2.2,14.14,3/27/2024,1.04375
23.9,0,11.71,3/28/2024,1.24125
25,0,20.41,3/29/2024,1.551666667
23.3,2.2,19.19,3/30/2024,1.18
22.1,0,21.26,3/31/2024,1.240416667
22.4,0,22.38,4/1/2024,1.574166667
23.3,0,22.94,4/2/2024,1.808333333
24.4,0,22.26,4/3/2024,2.0825
25.3,0,22.05,4/4/2024,2.285833333
25.2,0,22.71,4/5/2024,2.3325
24.9,0,23.62,4/6/2024,2.42
26.6,0,22.91,4/7/2024,2.757916667
26.5,0,23.71,4/8/2024,2.738333333
26.8,0,22.59,4/9/2024,2.853333333
26.8,0,20.8,4/10/2024,2.7625
27.7,0,23.34,4/11/2024,2.770416667
28.1,0,22.9,4/12/2024,2.889583333
25.6,0.2,12.06,4/13/2024,1.94375
23.7,1.3,17.15,4/14/2024,1.178333333
23.5,10.3,16.78,4/15/2024,0.908333333
24.1,0,23.5,4/16/2024,1.2725
25.4,0,23.33,4/17/2024,1.993333333
27.3,0,20.56,4/18/2024,2.24375
25.9,3.1,20.06,4/19/2024,1.685
24.9,0,22.98,4/20/2024,1.574583333
26.4,0,22.89,4/21/2024,2.187916667
26.9,0,21.2,4/22/2024,2.37875
26.7,0,22.78,4/23/2024,2.409166667
27.4,0,23.53,4/24/2024,2.589166667
29.7,0,23.87,4/25/2024,3.374583333
29.4,0.8,20.01,4/26/2024,2.985
27,0.5,20.66,4/27/2024,2.205833333
27.9,1.1,21.29,4/28/2024,2.589583333
25.4,1.1,18.87,4/29/2024,1.935416667
24,0.1,24.04,4/30/2024,1.889583333
23.3,0,24.36,5/1/2024,1.951666667
26.1,0,24.92,5/2/2024,2.670416667
29.2,0,19.23,5/3/2024,3.210833333
30.3,0,20.9,5/4/2024,3.173333333
30.9,0,23.55,5/5/2024,3.277916667
31.8,0,23.76,5/6/2024,3.7125
32.7,0,24.47,5/7/2024,4.045833333
33.8,0,24.66,5/8/2024,4.425833333
33,0,23.82,5/9/2024,3.8675
32.3,4,21.65,5/10/2024,3.37625
31.2,0,21.56,5/11/2024,2.912916667
30.1,0.9,21.59,5/12/2024,2.62125
30.7,0,23.13,5/13/2024,3.277916667
31.5,0,23.66,5/14/2024,3.627916667
31.8,0,21.28,5/15/2024,3.557083333
33.4,0,23.09,5/16/2024,4.067916667
33.2,0,20.88,5/17/2024,3.790416667
34.3,0,22.87,5/18/2024,4.25125
34.1,0,21,5/19/2024,4.10125
34.6,0,23.54,5/20/2024,4.49375
34.3,0,23.77,5/21/2024,4.302083333
34.8,0,24.2,5/22/2024,4.442083333
34.1,0,22.63,5/23/2024,3.769583333
34.4,0,22.08,5/24/2024,3.728333333
34.8,0,23.94,5/25/2024,4.341666667
36.1,0,23.82,5/26/2024,4.54875
36.5,0,24.72,5/27/2024,5.082083333
36.2,0,24.95,5/28/2024,5.243333333
36.4,0,24.17,5/29/2024,5.378333333
35.9,0,24.97,5/30/2024,5.265833333
35.8,0,21.87,5/31/2024,5.255833333
35.8,0,20.97,6/1/2024,5.095833333
36.1,0,23,6/2/2024,4.904166667
36.7,0,22.31,6/3/2024,5.302083333
36.6,0,22.83,6/4/2024,5.043333333
33,1.2,17.14,6/5/2024,3.487083333
32.1,0.9,20.63,6/6/2024,3.083333333
31.7,0,21,6/7/2024,2.93875
32,0,18.58,6/8/2024,3.2575
32.9,0,23.67,6/9/2024,3.691666667
33.4,0,23.6,6/10/2024,3.932083333
34.4,0,23.45,6/11/2024,4.275416667
35.2,0,23.16,6/12/2024,4.576666667
34.9,0,22.42,6/13/2024,4.08375
35.1,0,20.83,6/14/2024,4.128333333
35.3,0,21.39,6/15/2024,3.992916667
36.5,0,22.31,6/16/2024,4.199166667
36.5,0,22.61,6/17/2024,4.079583333
35.7,0,21.75,6/18/2024,3.657083333
34.9,0.9,19.76,6/19/2024,3.259583333
32.3,3.9,15.46,6/20/2024,2.430416667
30.3,0.2,19.64,6/21/2024,1.71
31.4,0,21.79,6/22/2024,2.243333333
32.5,0,22.95,6/23/2024,2.734583333
33.9,0,22.66,6/24/2024,3.340416667
33.5,0,22.45,6/25/2024,2.64
34.7,0,19.95,6/26/2024,2.85625
32.4,0,18.5,6/27/2024,1.77875
32.8,0,21.69,6/28/2024,2.090416667
33.2,0,21.8,6/29/2024,2.20375
33.4,0,22.08,6/30/2024,2.090833333
33.6,0,21.35,7/1/2024,2.045
33.8,1.8,22.25,7/2/2024,2.015
33.5,2.3,21.31,7/3/2024,1.796666667
30.6,1.4,18.77,7/4/2024,1.134583333
31.1,0.8,20.52,7/5/2024,1.301666667
29,17.9,12.55,7/6/2024,0.821666667
27.9,17.3,13.85,7/7/2024,0.677083333
30.4,0,19.71,7/8/2024,1.241666667
31.2,0,22.41,7/9/2024,1.422083333
32,0,21.5,7/10/2024,1.407916667
32.6,0,21.68,7/11/2024,1.500833333
29.9,7.6,18.3,7/12/2024,1.08875
29.4,1.1,22.02,7/13/2024,1.1175
30.1,0.7,20.68,7/14/2024,1.150833333
31.9,0,22.86,7/15/2024,1.646666667
32.1,0,21.79,7/16/2024,1.486666667
32.8,0.2,21.31,7/17/2024,1.544583333
32.3,0,21.15,7/18/2024,1.435833333
32.9,0,21.93,7/19/2024,1.706666667
33.1,0,21.67,7/20/2024,1.699583333
33.3,0,21.76,7/21/2024,1.768333333
33.6,0,21.53,7/22/2024,1.817916667
32.6,0,22.56,7/23/2024,1.68625
32.3,3.1,21.19,7/24/2024,1.487916667
31.8,9.3,21.14,7/25/2024,1.425
32.7,0.1,20.9,7/26/2024,1.6325
33,1,21.29,7/27/2024,1.53125
33,0.2,18.96,7/28/2024,1.494166667
31,38.5,9.96,7/29/2024,0.988333333
32.9,0,20.62,7/30/2024,1.544166667
33,13.1,19.95,7/31/2024,1.53
27.3,46.3,2.81,8/1/2024,0.301666667
29.6,4.5,20.91,8/2/2024,0.85875
30,6.2,19.16,8/3/2024,0.8875
29.7,12.1,16.58,8/4/2024,0.859166667
30.9,0,20.19,8/5/2024,1.227083333
31,0.1,21.94,8/6/2024,1.345416667
30.3,2,19.27,8/7/2024,1.042083333
29.8,0.2,17.15,8/8/2024,0.990416667
29.8,3.6,19.6,8/9/2024,0.918333333
29.5,9.3,17.51,8/10/2024,0.804583333
28.9,10.5,13.87,8/11/2024,0.71125
28.7,0.7,16.01,8/12/2024,0.776666667
30,0.4,20.61,8/13/2024,1.0275
31,0,21.16,8/14/2024,1.259166667
30.2,5.5,13.08,8/15/2024,0.91
29.8,23.4,19.12,8/16/2024,0.849583333
27.8,15.4,10.26,8/17/2024,0.55625
29.4,0.5,19.71,8/18/2024,0.860833333
29.6,2,17.32,8/19/2024,0.890416667
29.3,2.6,19.88,8/20/2024,0.892916667
28.9,8.3,20.68,8/21/2024,0.859166667
29.9,0,21.24,8/22/2024,0.953333333
29.7,3.7,21.23,8/23/2024,1.072916667
29.9,4.4,21.27,8/24/2024,1.068333333
30,0,20.53,8/25/2024,1.024583333
30.4,0,19.77,8/26/2024,1.175833333
28.6,4.8,14.95,8/27/2024,0.860416667
26.5,30.4,9.87,8/28/2024,0.417916667
26.5,15.5,12.68,8/29/2024,0.429166667
27.4,8.9,15.38,8/30/2024,0.590416667
28.7,0,20.86,8/31/2024,0.887916667
30,0,20.38,9/1/2024,1.091666667
28.7,9.2,18.23,9/2/2024,0.765833333
27.2,16.8,14.52,9/3/2024,0.5175
27.9,0.5,19.37,9/4/2024,0.705416667
27.7,3.2,19.75,9/5/2024,0.73375
28.7,1.1,19.63,9/6/2024,0.868333333
28.1,2.5,19.71,9/7/2024,0.81625
28.8,0,20.43,9/8/2024,1.020416667
29.7,0,20.24,9/9/2024,1.245
29.2,0,19.5,9/10/2024,1.03125
29.3,0,20.07,9/11/2024,1.010416667
30.5,0,20.76,9/12/2024,1.482083333
29.9,0,20.76,9/13/2024,1.401666667
29.3,0.7,20,9/14/2024,1.37625
29.1,0,20.05,9/15/2024,1.538333333
29.6,0,20.55,9/16/2024,1.730833333
29.6,0,20.22,9/17/2024,1.685833333
29.6,0,19.49,9/18/2024,1.657083333
27.6,0.3,13.68,9/19/2024,1.103333333
28.7,0,19.62,9/20/2024,1.399166667
29.5,0,19.46,9/21/2024,1.645416667
30.3,0,18.91,9/22/2024,1.63
31,0,18.7,9/23/2024,1.725
31.4,0,19.04,9/24/2024,1.86375
31,0,17.62,9/25/2024,1.657083333
30,1.2,16.79,9/26/2024,1.26125
29.5,0,17.68,9/27/2024,1.251666667
28.4,2.5,17.38,9/28/2024,1.0775
28.5,0.5,17.58,9/29/2024,1.165416667
29,0,17.86,9/30/2024,1.22375
30.2,0,18.14,10/1/2024,1.50875
29.9,0,18.22,10/2/2024,1.74
29.2,0,18.37,10/3/2024,1.660833333
28.7,0,18.06,10/4/2024,1.744166667
27.5,6.6,16.24,10/5/2024,1.494583333
25.9,1.5,15.31,10/6/2024,1.10875
26.4,0,17.23,10/7/2024,1.182083333
24.9,9.8,13.1,10/8/2024,0.75875
25.4,0,16.75,10/9/2024,1.194166667
25.9,0,17.01,10/10/2024,1.465416667
26.2,0,17.04,10/11/2024,1.507083333
25.9,0,16.86,10/12/2024,1.456666667
25.7,0,16.74,10/13/2024,1.468333333
25.3,0,16.48,10/14/2024,1.5225
25.6,0,16.51,10/15/2024,1.6025
25.2,0,15.96,10/16/2024,1.45875
25.8,0,16.18,10/17/2024,1.5825
25.8,0,15.87,10/18/2024,1.490416667
26.2,0,15.72,10/19/2024,1.47625
25.7,0,15.53,10/20/2024,1.333333333
25.3,0,15.42,10/21/2024,1.314583333
25.2,0,14.95,10/22/2024,1.240833333
25.5,0,14.81,10/23/2024,1.330416667
25.2,0,14.76,10/24/2024,1.264166667
25.4,0,14.91,10/25/2024,1.27125
25.6,0,14.61,10/26/2024,1.239166667
25.6,0,14.44,10/27/2024,1.165416667
25.5,0,14.38,10/28/2024,1.265833333
26.5,0,14.05,10/29/2024,1.392916667
25.8,0,13.92,10/30/2024,1.26625
24.7,0,14.17,10/31/2024,1.34125
24.2,0,14.41,11/1/2024,1.566666667
23.3,0,14.12,11/2/2024,1.35625
23.1,0,13.77,11/3/2024,1.315416667
23,0,13.52,11/4/2024,1.1025
23.2,0,13.17,11/5/2024,1.0175
23.1,0,13.07,11/6/2024,0.959166667
23.3,0,13.02,11/7/2024,0.895833333
23.4,0,12.7,11/8/2024,0.789166667
23.2,0,12.54,11/9/2024,0.733333333
22.8,0,12.39,11/10/2024,0.715833333
22.3,0,12.11,11/11/2024,0.72375
21.2,0,12.45,11/12/2024,0.568333333
21,0,11.82,11/13/2024,0.523333333
21,0,11.26,11/14/2024,0.679166667
20.2,0,11.72,11/15/2024,0.620833333
19.7,0,11.64,11/16/2024,0.625833333
18.4,0,10.23,11/17/2024,0.447083333
18,0,12.36,11/18/2024,0.77875
17.8,0,12.22,11/19/2024,0.78
17.4,0,12.21,11/20/2024,0.674166667
18.2,0,11.93,11/21/2024,0.751666667
17.8,0,11.7,11/22/2024,0.695833333
18.2,0,11.26,11/23/2024,0.796666667
18.1,0,11.51,11/24/2024,0.6225
17.6,0,11.64,11/25/2024,0.709166667
17.4,0,11.65,11/26/2024,0.666666667
17.1,0,11.68,11/27/2024,0.709166667
17.1,0,11.51,11/28/2024,0.670833333
17.2,0,11.01,11/29/2024,0.630416667
17.3,0.2,10.87,11/30/2024,0.564166667
17.5,0,11.18,12/1/2024,0.604166667
17.9,0,10.88,12/2/2024,0.705
18.3,2,10.2,12/3/2024,0.734166667
16.6,0,11.57,12/4/2024,0.919166667
15.5,0,11.71,12/5/2024,0.94125
14.9,0,11.64,12/6/2024,0.86875
13.9,0,11.58,12/7/2024,0.63875
12,5.8,6.73,12/8/2024,0.434166667
12.2,0,11.12,12/9/2024,0.5675
11.8,0,11.42,12/10/2024,0.7
12.1,0,11.18,12/11/2024,0.659583333
11.9,0,11.15,12/12/2024,0.605
12.3,0,11.47,12/13/2024,0.77
12.1,0,11.49,12/14/2024,0.689166667
12.2,0,11.26,12/15/2024,0.5325
11.5,0,11.58,12/16/2024,0.465416667
11.4,0,11.35,12/17/2024,0.475
12,0,11.29,12/18/2024,0.500416667
11.2,0,11.28,12/19/2024,0.412083333
11.3,0,11.13,12/20/2024,0.41
11.1,0,11.29,12/21/2024,0.42125
12,0,11.32,12/22/2024,0.42125
11.5,8.9,2.93,12/23/2024,0.167083333
11.7,0,11.03,12/24/2024,0.390416667
12.3,0,11.12,12/25/2024,0.460833333
12.9,0,11.01,12/26/2024,0.494583333
12.6,0.3,5.14,12/27/2024,0.3075
11.5,0,9.46,12/28/2024,0.2025
11.1,0,9.85,12/29/2024,0.208333333
11.1,0,11.23,12/30/2024,0.2875
10.4,0,10.11,12/31/2024,0.165833333
10.2,0,9.25,1/1/2025,0.14375
11.4,0,9.22,1/2/2025,0.21
11.4,0,10.14,1/3/2025,0.169583333
11.7,0,9.91,1/4/2025,0.184583333
12.3,1.7,9.08,1/5/2025,0.143333333
11.7,0,9,1/6/2025,0.177916667
11.5,0,11.9,1/7/2025,0.4425
11.5,0,12.02,1/8/2025,0.405833333
11.5,0,12.01,1/9/2025,0.289583333
9,0,9.47,1/10/2025,0.092916667
10.5,5.4,4.62,1/11/2025,0.107916667
12.5,0.1,10,1/12/2025,0.24875
11.5,0,12.13,1/13/2025,0.307916667
11.9,0,12.46,1/14/2025,0.390833333
11.3,0,12.16,1/15/2025,0.325833333
10.9,0,11.97,1/16/2025,0.2725
10.8,0,11.33,1/17/2025,0.211666667
11.6,0,10.03,1/18/2025,0.261666667
10.7,0,7.52,1/19/2025,0.164583333
13.1,0,12.37,1/20/2025,0.433333333
12.9,0,12.69,1/21/2025,0.470416667
13.8,0,12.92,1/22/2025,0.474583333
13.8,0,12.95,1/23/2025,0.58625
13,0,13.78,1/24/2025,0.777916667
12.1,0,14.06,1/25/2025,0.61
12.2,0,14.26,1/26/2025,0.562916667
12.6,0,14.28,1/27/2025,0.56125
12.6,0,14.24,1/28/2025,0.495
13.9,0,13.61,1/29/2025,0.490416667
14.9,0,13.86,1/30/2025,0.474166667
14.8,0,13.18,1/31/2025,0.515
14,0,13.68,2/1/2025,0.46375
13.2,0,13.46,2/2/2025,0.45125
12.8,0,14.9,2/3/2025,0.48625
13.9,0,14.41,2/4/2025,0.659166667
12.4,0,13.78,2/5/2025,0.427916667
12.9,0,14.92,2/6/2025,0.637083333
13.6,0,15.17,2/7/2025,0.802083333
15.2,0,14.58,2/8/2025,0.83
15.7,0,15.23,2/9/2025,0.663333333
15.7,0,15.2,2/10/2025,0.615
15.9,0,14.87,2/11/2025,0.68
15.6,0,15.86,2/12/2025,0.793333333
15.6,0,15.62,2/13/2025,0.864166667
15.7,0,16.03,2/14/2025,0.777083333
17.1,1.6,15.16,2/15/2025,0.780833333
16.9,0,13.11,2/16/2025,0.609583333
17.2,0,16.33,2/17/2025,0.7275
17.6,0,16.62,2/18/2025,0.887083333
17.1,0.7,13.45,2/19/2025,0.679583333
14.5,12.9,10.83,2/20/2025,0.230416667
13.5,0,16.83,2/21/2025,0.304166667
16,0.3,16.92,2/22/2025,0.6025
16.8,0,17.4,2/23/2025,0.808333333
17.4,0,17.33,2/24/2025,0.816666667
17.3,3.1,10.43,2/25/2025,0.5175
20.2,0,13.69,2/26/2025,0.64375
18.1,11.2,6.57,2/27/2025,0.248333333
17.3,11.5,13.13,2/28/2025,0.284166667
15.9,0,16.1,3/1/2025,0.304583333
16.2,0,18.97,3/2/2025,0.69125
15.7,4.6,15.21,3/3/2025,0.47625
14.5,0,18.25,3/4/2025,0.51625
15.6,0,19.74,3/5/2025,0.94
16.7,0,19.57,3/6/2025,0.806666667
17.9,0,19.08,3/7/2025,0.82125
20.1,0,19.54,3/8/2025,1.205833333
20.3,0,19.54,3/9/2025,1.103333333
22.2,0,18.21,3/10/2025,1.120833333
21.6,0.4,13.06,3/11/2025,1.040833333
21.7,0,19.3,3/12/2025,1.095833333
21.3,0.1,17.77,3/13/2025,1.07375
19.7,5,13.8,3/14/2025,0.85875
18.6,2,15.91,3/15/2025,0.5275
18.9,0.1,17.98,3/16/2025,0.7775
20,0,20.06,3/17/2025,1.115833333
21.4,0,20.77,3/18/2025,1.37875
21.6,2.1,16.5,3/19/2025,1.174583333
21.8,0,20.55,3/20/2025,1.468333333
22.5,0,20.14,3/21/2025,1.612083333
22.6,0,21.92,3/22/2025,1.565416667
22,0,21.83,3/23/2025,1.396666667
22.5,0,21.63,3/24/2025,1.478333333
24.3,0,19.61,3/25/2025,1.565
25.5,0,14.7,3/26/2025,1.705
24.6,0,22.4,3/27/2025,1.97125
20.4,0,23.57,3/28/2025,1.93875
20.9,0,23.4,3/29/2025,1.989583333
22.7,0,23.32,3/30/2025,2.2275
24.4,0,23.2,3/31/2025,2.436666667
24.5,0,23.23,4/1/2025,2.415
24.3,0,22.73,4/2/2025,2.244166667
25.1,0,20.95,4/3/2025,2.430416667
25.5,0,22.96,4/4/2025,2.470416667
26.4,0,23.32,4/5/2025,2.652083333
28.4,0,23.04,4/6/2025,2.787916667
29.6,0,22.56,4/7/2025,2.94875
30.7,0,20.5,4/8/2025,3.2
30.4,0.1,20.87,4/9/2025,3.063333333
29.5,0,18.93,4/10/2025,2.73
26.6,3.1,19.27,4/11/2025,1.854583333
26.6,0,21.74,4/12/2025,2.03
27.4,0,23.37,4/13/2025,2.33625
29.2,0,23.39,4/14/2025,2.705833333
30.5,0,23.12,4/15/2025,2.926666667
31.1,0,22.41,4/16/2025,3.152083333
30.9,0,23.57,4/17/2025,2.934166667
30.5,0.3,20.46,4/18/2025,2.721666667
31.4,0,22.84,4/19/2025,3.398333333
30.6,0,24.4,4/20/2025,3.3375
29.2,0,24.92,4/21/2025,3.244583333
30.2,0,24.75,4/22/2025,3.617916667
30.7,0,25.12,4/23/2025,4.155416667
30.8,0,23.67,4/24/2025,4.042083333
31.5,0,24.33,4/25/2025,4.27
31.8,0,24.09,4/26/2025,4.3375
32.4,0,24.95,4/27/2025,4.465833333
33.3,0,25.03,4/28/2025,4.77375
32.4,0,24.42,4/29/2025,4.08625
33,0,22.56,4/30/2025,4.152916667
31.9,0,20.31,5/1/2025,3.34125
28.9,1,19.25,5/2/2025,2.152083333
28.7,0.1,19.12,5/3/2025,2.09375
27.2,9.8,13.42,5/4/2025,1.620416667
27.2,0,18.78,5/5/2025,1.692916667
28.8,0,22.83,5/6/2025,2.170833333
29.7,0.9,20.06,5/7/2025,2.412916667
28.9,0.3,19.12,5/8/2025,1.975
28.9,0.8,21.05,5/9/2025,1.880416667
30.2,0.5,20.48,5/10/2025,2.23125
30.2,0,19.75,5/11/2025,2.4575
30.2,0,23.42,5/12/2025,2.77
31.7,0,23.02,5/13/2025,3.24125
32.2,0,23.79,5/14/2025,3.5175
33.3,0,24.09,5/15/2025,3.79125
33.2,0.3,21.45,5/16/2025,3.55
33.7,0,23.43,5/17/2025,3.669583333
33.5,0,23.86,5/18/2025,3.445
31.1,2,21.46,5/19/2025,2.487083333
33.1,0,21.71,5/20/2025,3.40875
33.8,0,22.51,5/21/2025,3.532916667
33.1,0,24.01,5/22/2025,2.98625
33.2,0,23.72,5/23/2025,2.74875
31.7,9.6,17.43,5/24/2025,2.41625
29.5,0.1,23.17,5/25/2025,1.907083333
31.4,0,23.75,5/26/2025,2.5625
33,0,23.31,5/27/2025,2.9475
33.9,0,22.87,5/28/2025,3.55
33.3,0,21.47,5/29/2025,3.4275
31.8,0.3,21.5,5/30/2025,3.045416667
32,0,22.06,5/31/2025,2.9825
31.1,0,21.89,6/1/2025,3.137916667
31.1,0,20.93,6/2/2025,3.224166667
28.6,1.2,22.33,6/3/2025,2.059583333
28.5,0,22.3,6/4/2025,2.157916667
29.4,0,23.4,6/5/2025,2.414583333
30.9,0,23.58,6/6/2025,2.628333333
32.9,0,23.47,6/7/2025,3.0425
34.3,0,22.78,6/8/2025,3.535
35.1,0,23.48,6/9/2025,3.907916667
35,0,23.97,6/10/2025,3.90125
35.5,0,22.81,6/11/2025,4.135416667
36,0,23.43,6/12/2025,4.31125
36.4,0,20.86,6/13/2025,4.105
35.2,0,21.54,6/14/2025,3.35125
34.4,0,16.7,6/15/2025,3.17625
31.6,0.7,11.66,6/16/2025,2.119166667
30.2,3.8,15.85,6/17/2025,1.601666667
32,0,22.23,6/18/2025,2.113333333
33.4,0,21.76,6/19/2025,2.42
33.8,0,20.76,6/20/2025,2.51125
33.7,0,21.56,6/21/2025,2.16875
31.7,1.7,14.74,6/22/2025,1.369166667
32.1,0.3,21.27,6/23/2025,1.4975
32.8,0.1,21.54,6/24/2025,1.689166667
31.9,8.6,17.19,6/25/2025,1.25875
28.2,8.5,8.4,6/26/2025,0.524166667
29.8,14.8,13.84,6/27/2025,0.768333333
32.1,0,21.46,6/28/2025,1.46625
31.1,4.8,21.32,6/29/2025,1.286666667
30.3,8.6,18.33,6/30/2025,1.00875
30.7,1.8,16.85,7/1/2025,1.082083333
30.9,3.4,22.19,7/2/2025,1.20625
31.4,0.1,20.84,7/3/2025,1.332083333
31.8,4.5,20.65,7/4/2025,1.409583333
32.6,4,20.74,7/5/2025,1.5075
30.8,1.7,15.16,7/6/2025,1.0125
29.9,21.1,17,7/7/2025,0.89375
29.2,39.3,16.03,7/8/2025,0.730416667
29.1,20,14.9,7/9/2025,0.733333333
28.2,7.8,14.55,7/10/2025,0.778333333
29.5,0,19.61,7/11/2025,1.095
30.2,0,21.25,7/12/2025,1.187916667
30,0.1,11.77,7/13/2025,1.091666667
28.9,6.1,13.91,7/14/2025,0.7775
27.6,59.8,14.35,7/15/2025,0.588333333
27.5,33.4,12.27,7/16/2025,0.435416667
28.7,16.5,13.19,7/17/2025,0.5875
29.2,9.5,15.71,7/18/2025,0.746666667
30.6,0,22.29,7/19/2025,1.125
30.4,0,19.15,7/20/2025,1.199166667
30.2,0.1,18.91,7/21/2025,1.109583333
29.4,11.8,18.71,7/22/2025,0.678333333
29.2,3.4,16.42,7/23/2025,0.666666667
28.8,11.2,19.57,7/24/2025,0.698333333
29.3,5.1,18.43,7/25/2025,0.821666667
30.6,0.3,21.42,7/26/2025,1.071666667
31.9,0,21.24,7/27/2025,1.312916667
32.4,0,21.98,7/28/2025,1.459583333
30.8,12.5,19.88,7/29/2025,0.90125
29.7,10.4,20.16,7/30/2025,0.80375
29,2.6,17.12,7/31/2025,0.709583333
27.7,15.7,7.44,8/1/2025,0.35125
29.6,0.3,19.99,8/2/2025,0.8
30.7,0.3,20.89,8/3/2025,1.024583333
30.9,0,21.75,8/4/2025,1.227916667
30.8,0,21.82,8/5/2025,1.2225
30.2,0,21.54,8/6/2025,1.166666667
30.3,0.1,21.36,8/7/2025,1.145
31.1,0,22.16,8/8/2025,1.33625
30.5,0.2,21.3,8/9/2025,1.10625
30.8,0.6,20.6,8/10/2025,1.195
31.5,0,18.35,8/11/2025,1.404166667
29.6,2.9,10.28,8/12/2025,0.910416667
30.8,0,21.2,8/13/2025,1.235833333
28.6,6.4,6.66,8/14/2025,0.660416667
29.3,0,19.52,8/15/2025,0.84875
30.4,0.7,20.78,8/16/2025,0.954583333
30.3,0.2,21.05,8/17/2025,0.95375
28.5,10.9,15.25,8/18/2025,0.590833333
29.6,0.2,19.2,8/19/2025,0.884166667
28.6,22,20.51,8/20/2025,0.725
29.5,0.1,21.45,8/21/2025,0.969583333
30.5,0.1,20.76,8/22/2025,1.122083333
30,1.6,19.18,8/23/2025,0.901666667
27.3,21,10.29,8/24/2025,0.51625
24.8,38.4,4.81,8/25/2025,0.252083333
26,12.1,10.89,8/26/2025,0.369166667
28,4.4,19.09,8/27/2025,0.59625
29,3.1,19.77,8/28/2025,0.79625
29,1.2,19.21,8/29/2025,0.699583333
26.9,19.2,9.29,8/30/2025,0.347083333
25.6,24.6,5.99,8/31/2025,0.215416667
26.3,2.5,15.69,9/1/2025,0.504583333
25.9,6.9,16.13,9/2/2025,0.568333333
26.3,1.3,15.89,9/3/2025,0.59125
27,0.5,19.32,9/4/2025,0.60125
28.2,0,17.96,9/5/2025,0.860416667
28.8,0,15.71,9/6/2025,0.890833333
27.4,7.6,14.41,9/7/2025,0.587083333
26.2,17,12.36,9/8/2025,0.402916667
27.8,3.2,18.86,9/9/2025,0.52875
28.7,0,20.01,9/10/2025,0.935833333
28.1,0,20.42,9/11/2025,0.83375
28.6,0.1,19.7,9/12/2025,0.9325
29,0.1,19.15,9/13/2025,0.9775
29.5,0,19.99,9/14/2025,1.215
29.8,0,19.9,9/15/2025,1.195
29.5,0,19.26,9/16/2025,1.217916667
29.7,0,19.79,9/17/2025,1.3175
29.9,0,19.04,9/18/2025,1.36375
28.5,0,17.11,9/19/2025,1.076666667
29.4,0,19.42,9/20/2025,1.306666667
29.5,0,19.59,9/21/2025,1.39875
29.2,0,19.9,9/22/2025,1.363333333
28.7,0,19.82,9/23/2025,1.326666667
28.4,0,19.61,9/24/2025,1.273333333
28.5,0,19.32,9/25/2025,1.215833333
29.1,0,19.02,9/26/2025,1.334583333
29,0,18.85,9/27/2025,1.395416667
29,0,18.51,9/28/2025,1.320833333
28.9,0.3,16.28,9/29/2025,0.975
29.4,0,17.42,9/30/2025,1.3175
28.4,0,17.33,10/1/2025,1.149583333
28.6,1.4,16.9,10/2/2025,1.27
27.7,0.2,16.79,10/3/2025,1.037083333
27.1,2.9,16.16,10/4/2025,1.150416667
25.1,10.6,17.41,10/5/2025,0.985
21.6,21.6,8.97,10/6/2025,0.4225
21.3,0.5,14.75,10/7/2025,0.545
22.1,0,17.07,10/8/2025,0.720416667
22.5,0,16.84,10/9/2025,0.934583333
23.6,0,16.93,10/10/2025,1.130416667
24,0,17.06,10/11/2025,1.094583333
24.2,0,17.18,10/12/2025,1.157916667
23.9,0,17.13,10/13/2025,1.2725
24.2,0,16.71,10/14/2025,1.334583333
24.5,0,15.85,10/15/2025,1.21
24.8,0,16.29,10/16/2025,1.220833333
25,0,16.24,10/17/2025,1.294166667
24.9,0,16.15,10/18/2025,1.285
24.6,0,15.87,10/19/2025,1.180833333
24.5,0,15.59,10/20/2025,1.455833333
24,0,14.02,10/21/2025,1.316666667
23.7,0,15.37,10/22/2025,1.383333333
23.5,0,15.31,10/23/2025,1.205
23.6,0,15.05,10/24/2025,1.144166667
23.6,0,15.08,10/25/2025,1.1225
23.3,0,14.93,10/26/2025,1.042083333
23.3,0,14.61,10/27/2025,1.0625
23.4,0,14.35,10/28/2025,1.011666667
23,0,14.33,10/29/2025,0.893333333
23,0,14.22,10/30/2025,0.862916667
23.1,0,14.13,10/31/2025,0.962916667
22.9,0,14.2,11/1/2025,1.03625
22.3,0,14.27,11/2/2025,1.03625
21.9,0,14.24,11/3/2025,0.955833333
21.2,2.7,13.08,11/4/2025,1.002083333
20.1,0.1,14,11/5/2025,1.025833333
18,0,14.22,11/6/2025,1.069166667
18.1,0,14.11,11/7/2025,1.015833333
17.8,0,13.8,11/8/2025,0.985
18,0,13.67,11/9/2025,0.960833333
18.2,0,13.54,11/10/2025,0.914583333
17.8,0,13.21,11/11/2025,0.833333333
17.5,0,13.08,11/12/2025,0.775416667
17.1,0,13,11/13/2025,0.771666667
17.5,0,13.03,11/14/2025,0.82
17.1,0,12.9,11/15/2025,0.77125
16.6,0,12.76,11/16/2025,0.739583333
16.5,0,12.6,11/17/2025,0.69875
17,0,12.14,11/18/2025,0.724166667
16.7,0,12.14,11/19/2025,0.695416667
17,0,12.1,11/20/2025,0.71125
16.9,0,11.92,11/21/2025,0.681666667
16.4,0,12,11/22/2025,0.613333333
16.1,0,11.96,11/23/2025,0.655
15.9,0,11.91,11/24/2025,0.6575
15.1,0,11.92,11/25/2025,0.582083333
14.7,0,11.95,11/26/2025,0.585
14,0,11.9,11/27/2025,0.5125
13.9,0,11.85,11/28/2025,0.539166667
13.3,0,12.05,11/29/2025,0.560833333
13,0,11.29,11/30/2025,0.585
13.7,0,11.8,12/1/2025,0.634583333
13.1,0,11.6,12/2/2025,0.526666667
13,0,11.65,12/3/2025,0.539166667
12.5,0,11.54,12/4/2025,0.532083333
13.1,0,11.35,12/5/2025,0.588333333
13.1,0,10.47,12/6/2025,0.51375
14,0,11.15,12/7/2025,0.548333333
14.2,0,11.37,12/8/2025,0.51625
14.6,0,11.22,12/9/2025,0.583333333
14.6,0,11.13,12/10/2025,0.514166667
14.5,0,11.11,12/11/2025,0.4225
14.4,0,10.36,12/12/2025,0.3325
14,0,6.71,12/13/2025,0.213333333
15,0,10.22,12/14/2025,0.307083333
14.5,0,10.94,12/15/2025,0.367083333
14.9,0,10.96,12/16/2025,0.469166667
15.1,0,11.01,12/17/2025,0.445
15.2,0,9.24,12/18/2025,0.410833333
13.8,0,9.66,12/19/2025,0.25125
13,0,8.17,12/20/2025,0.148333333
14.9,0,8.84,12/21/2025,0.211666667
14.3,0.2,8.89,12/22/2025,0.182916667
14.7,0,11.03,12/23/2025,0.39375
13.6,0,11.31,12/24/2025,0.539166667
13.1,0,11.17,12/25/2025,0.4425
13.9,0,10.94,12/26/2025,0.4375
13.4,0,10.67,12/27/2025,0.408333333
12.5,0,10.6,12/28/2025,0.302916667
11.7,0,9.58,12/29/2025,0.216666667
11.9,0,9.75,12/30/2025,0.20375
11.9,0.2,4.57,12/31/2025,0.132916667
11.6,8.7,3.24,1/1/2026,0.098333333
11.5,0,6.95,1/2/2026,0.133333333
11.2,0,10.15,1/3/2026,0.167083333
10.9,0,9.41,1/4/2026,0.163333333
10.8,0,9.35,1/5/2026,0.179583333
10.3,0,9.98,1/6/2026,0.157916667
9.9,0,10.35,1/7/2026,0.178333333
8.4,0,10.04,1/8/2026,0.105416667
7.9,0,8.78,1/9/2026,0.12375
6.5,0,10.15,1/10/2026,0.105
6.5,0,10.54,1/11/2026,0.13625
7.7,0,11.93,1/12/2026,0.2325
7.3,0,10.27,1/13/2026,0.12875
7.8,0,10.87,1/14/2026,0.130416667
8.4,0,10.53,1/15/2026,0.11
8.7,0,8.77,1/16/2026,0.09375
10.1,0,10.97,1/17/2026,0.15875
10.4,0,10.66,1/18/2026,0.167083333
11.6,0,10.7,1/19/2026,0.1875
11.8,0,11.32,1/20/2026,0.209166667
11.9,0,12.29,1/21/2026,0.350833333
12.6,7.5,10.27,1/22/2026,0.37625
11.8,1.6,12.77,1/23/2026,0.46375
7.8,0,13.09,1/24/2026,0.390416667
10.3,0,13.43,1/25/2026,0.35625
11.5,1.5,7.32,1/26/2026,0.310833333
12.2,1,5.63,1/27/2026,0.158333333
11.4,0,11.98,1/28/2026,0.23
12,0,13.75,1/29/2026,0.42125
13.6,0,13.74,1/30/2026,0.573333333
12.9,0,12.5,1/31/2026,0.437083333
13.3,0,13.37,2/1/2026,0.415833333
12.8,0,10.37,2/2/2026,0.327083333
13.6,0,14.01,2/3/2026,0.587083333
14,0,14.52,2/4/2026,0.6275
14.9,0,14.72,2/5/2026,0.83
15.8,0,14.55,2/6/2026,0.8275
16.1,0,14.98,2/7/2026,0.86875
15.9,0,15.56,2/8/2026,1.02625
16.7,0,10.81,2/9/2026,0.923333333
16.8,0,14.45,2/10/2026,0.7475
16.8,0,15.21,2/11/2026,0.83875
16.6,0,15.85,2/12/2026,0.949166667
17.4,0,15.83,2/13/2026,1.015416667
18.7,0,15.87,2/14/2026,1.0325
19,0,16.15,2/15/2026,1.11625
18.7,0,16.33,2/16/2026,1.04875
18.6,0.7,13.29,2/17/2026,0.759166667
18.4,1.7,13.77,2/18/2026,0.822083333
19.1,0,16.12,2/19/2026,1.042083333
19.5,0,16.55,2/20/2026,1.027916667
19.2,0,17,2/21/2026,0.955416667
19.9,0,17.09,2/22/2026,1.025
19.9,0,16.79,2/23/2026,1.09125
19.8,0,16.62,2/24/2026,1.010833333
20.1,0,17.29,2/25/2026,1.05625
20.1,0,17.79,2/26/2026,1.057083333
20.2,0,17.04,2/27/2026,1.033333333
21.1,0,17.53,2/28/2026,1.180833333
21.2,0,18.21,3/1/2026,1.2275
21.2,0,18.78,3/2/2026,1.355416667
22.1,0,18.68,3/3/2026,1.435833333
23.2,0,18.53,3/4/2026,1.347083333
24.5,0,18.8,3/5/2026,1.4125
24.2,0,19.22,3/6/2026,1.536666667
24.2,0,19.09,3/7/2026,1.57875
25.4,0,18.56,3/8/2026,1.453333333
25.8,0,18.48,3/9/2026,1.46875
25.9,0,18.38,3/10/2026,1.549166667
25.2,0,16.79,3/11/2026,1.4775
22.7,25.2,17.67,3/12/2026,0.847083333
22.3,0,16.76,3/13/2026,1.000833333
22.6,0,19.99,3/14/2026,1.37875
18.8,10.3,13.89,3/15/2026,0.53875
17.6,0.1,19.22,3/16/2026,0.690833333
18.7,0,19.47,3/17/2026,0.911666667
18,1.1,7.1,3/18/2026,0.627083333
17.4,4.7,9.83,3/19/2026,0.335833333
18,2.7,17.59,3/20/2026,0.478333333
18.3,0,16.1,3/21/2026,0.529166667
20.6,0,19.79,3/22/2026,0.859583333
22.5,0.9,20.14,3/23/2026,1.164583333
23,0,20.62,3/24/2026,1.37
23.6,0.2,19.55,3/25/2026,1.455416667
23.6,1.1,15.98,3/26/2026,1.2
23.3,0,21.18,3/27/2026,1.16375
24.4,0,19.4,3/28/2026,1.415
23.8,7.8,18.67,3/29/2026,0.997083333
24.6,0,16.6,3/30/2026,1.301666667
23.5,0.7,16.41,3/31/2026,1.269166667
24.2,0,19.2,4/1/2026,1.659583333
26.7,0,19.1,4/2/2026,2.17375
22.3,3.5,13.77,4/3/2026,0.927083333
21.1,2.8,20.48,4/4/2026,0.92375
21.4,0.4,21.29,4/5/2026,1.147916667
23.2,1,22.04,4/6/2026,1.585416667
19.5,7,8.49,4/7/2026,0.662916667
18.5,2.9,19.24,4/8/2026,0.60375
19.8,1,21.56,4/9/2026,0.913333333
22.7,0,22.65,4/10/2026,1.517083333
24.3,0.1,20.59,4/11/2026,1.675833333
24.7,0,22.99,4/12/2026,1.959166667
26.2,0,21.54,4/13/2026,2.405833333
27.5,0,23.27,4/14/2026,2.689583333
28.6,0,22.8,4/15/2026,2.766666667
29.8,0,22.38,4/16/2026,3.105833333
29,0,19.55,4/17/2026,2.755
29,0,23.57,4/18/2026,2.710833333
28.1,0,17.32,4/19/2026,2.435833333
29,0,23.81,4/20/2026,2.952083333
29.6,0,24.24,4/21/2026,2.96625
30.5,0,23.72,4/22/2026,3.1975
31.6,0,23.63,4/23/2026,3.452083333
33,0,22.75,4/24/2026,3.817916667
32.6,0,20.14,4/25/2026,3.575
33.4,0,23.07,4/26/2026,4.000833333
31.9,0,21.12,4/27/2026,3.399166667
30.9,0,18.91,4/28/2026,2.914166667
28.5,0,22.15,4/29/2026,2.137916667
28.9,0.1,21.12,4/30/2026,2.342083333
29.6,0,22.74,5/1/2026,2.6675
